gene,correlation,mse
RPL22,0.9999957,0.0
HMGN2,0.9999968,0.0
RPL11,0.99999684,0.0
AURKAIP1,0.999997,0.0
ENO1,0.99999666,0.0
