gene,correlation,mse
SDF4,0.9999975,3.1680152e-06
ISG15,0.9999999,3.296069e-07
FO538757.2,0.9999975,2.8873185e-06
AURKAIP1,0.9999995,2.5588125e-07
NOC2L,0.9999987,1.6251038e-06
MRPL20,0.99999976,2.1967416e-07
ATAD3A,0.9999981,2.2516163e-06
B3GALT6,0.99999785,2.5474976e-06
CCNL2,0.99999154,9.983037e-06
UBE2J2,0.9999965,4.091786e-06
