gene,correlation,mse
NOC2L,0.9999932,7.679578e-06
SDF4,0.99999857,1.0068552e-06
RPL22,0.9999983,7.6789667e-07
GNB1,0.9999981,1.0007647e-06
RER1,0.9999984,1.2007931e-06
FAAP20,0.99999416,5.8609216e-06
MRPL20,0.9999963,2.7048204e-06
SSU72,0.99999774,1.6675239e-06
UBE2J2,0.99999714,2.5338445e-06
AURKAIP1,0.9999979,1.7791051e-06
