gene,correlation,mse
FAAP20,0.9999993,2.471501e-07
NOC2L,0.9999994,1.0078366e-07
GNB1,0.9999989,1.2318583e-07
RER1,0.9999993,1.7086478e-07
UBE2J2,0.99999905,2.0509174e-07
SDF4,0.99999964,1.02272956e-07
AURKAIP1,0.99999934,1.7847566e-07
MRPL20,0.99999887,5.763087e-07
RPL22,0.99999905,1.8197977e-07
SSU72,0.9999987,2.1576056e-07
