gene,correlation,mse
RPL22,1.0,0.0
AURKAIP1,0.9999998807907104,0.0
FAAP20,1.0,0.0
MRPL20,0.9999999403953552,0.0
SSU72,0.9999999403953552,0.0
